,alpha_annual,beta_mkt,r2,regime
2021-07-02,,,,range_bound
2021-07-06,,,,range_bound
2021-07-07,,,,range_bound
2021-07-08,,,,range_bound
2021-07-09,,,,range_bound
2021-07-12,,,,range_bound
2021-07-13,,,,range_bound
2021-07-14,,,,range_bound
2021-07-15,,,,range_bound
2021-07-16,,,,range_bound
2021-07-19,,,,range_bound
2021-07-20,,,,range_bound
2021-07-21,,,,range_bound
2021-07-22,,,,range_bound
2021-07-23,,,,range_bound
2021-08-02,,,,range_bound
2021-08-03,,,,range_bound
2021-08-04,,,,range_bound
2021-08-05,,,,range_bound
2021-08-06,,,,range_bound
2021-08-13,,,,range_bound
2021-08-16,,,,range_bound
2021-08-18,,,,range_bound
2021-08-19,,,,range_bound
2021-08-20,,,,range_bound
2021-08-23,,,,range_bound
2021-08-24,,,,range_bound
2021-08-25,,,,range_bound
2021-08-26,,,,range_bound
2021-08-27,,,,range_bound
2021-09-08,,,,range_bound
2021-09-09,,,,range_bound
2021-09-10,,,,range_bound
2021-09-13,,,,range_bound
2021-09-14,,,,range_bound
2021-09-15,,,,range_bound
2021-09-16,,,,range_bound
2021-09-17,,,,range_bound
2021-09-20,,,,range_bound
2021-09-22,,,,range_bound
2021-09-23,,,,range_bound
2021-09-24,,,,range_bound
2021-09-27,,,,range_bound
2021-09-28,,,,range_bound
2021-10-08,,,,range_bound
2021-10-11,,,,range_bound
2021-10-12,,,,range_bound
2021-10-13,,,,range_bound
2021-10-14,,,,range_bound
2021-10-15,,,,range_bound
2021-10-18,,,,range_bound
2021-10-19,,,,range_bound
2021-10-20,,,,range_bound
2021-10-21,,,,range_bound
2021-10-28,,,,range_bound
2021-10-29,,,,range_bound
2021-11-01,,,,range_bound
2021-11-02,,,,range_bound
2021-11-03,,,,range_bound
2021-11-04,,,,range_bound
2021-11-05,,,,range_bound
2021-11-08,,,,range_bound
2021-11-09,,,,trending_up
2021-11-10,,,,range_bound
2021-11-11,,,,range_bound
2021-11-12,,,,range_bound
2021-11-15,,,,trending_up
2021-11-16,,,,range_bound
2021-11-17,,,,range_bound
2021-11-18,,,,range_bound
2021-11-19,,,,range_bound
2021-11-22,,,,range_bound
2021-11-23,,,,trending_up
2021-11-24,,,,trending_up
2021-11-26,,,,range_bound
2021-11-29,,,,range_bound
2021-11-30,,,,range_bound
2021-12-09,,,,range_bound
2021-12-10,,,,range_bound
2021-12-13,,,,range_bound
2021-12-14,,,,range_bound
2021-12-15,,,,range_bound
2021-12-16,,,,range_bound
2021-12-17,,,,range_bound
2021-12-20,,,,range_bound
2021-12-21,,,,range_bound
2021-12-22,,,,range_bound
2021-12-23,,,,range_bound
2021-12-27,,,,range_bound
2022-01-06,,,,range_bound
2022-01-07,,,,range_bound
2022-01-10,,,,range_bound
2022-01-11,,,,range_bound
2022-01-12,,,,range_bound
2022-01-13,,,,range_bound
2022-01-14,,,,range_bound
2022-01-18,,,,range_bound
2022-01-19,,,,range_bound
2022-01-21,,,,range_bound
2022-01-24,,,,range_bound
2022-01-25,,,,range_bound
2022-01-26,,,,range_bound
2022-01-27,,,,range_bound
2022-01-28,,,,range_bound
2022-01-31,,,,range_bound
2022-02-01,,,,range_bound
2022-02-02,,,,range_bound
2022-02-03,,,,range_bound
2022-02-04,,,,range_bound
2022-02-07,,,,range_bound
2022-02-08,,,,range_bound
2022-02-09,,,,range_bound
2022-02-10,,,,range_bound
2022-02-11,,,,range_bound
2022-02-14,,,,range_bound
2022-02-15,,,,range_bound
2022-02-16,,,,range_bound
2022-02-17,,,,range_bound
2022-02-18,,,,range_bound
2022-02-22,,,,trending_down
2022-02-23,,,,trending_down
2022-02-24,,,,trending_down
2022-02-25,,,,trending_down
2022-02-28,,,,trending_down
2022-03-01,,,,trending_down
2022-03-02,,,,trending_down
2022-03-03,0.18705008285206692,-0.3330396521374738,0.10874949317356408,trending_down
2022-03-04,0.21364295717841197,-0.3237319261785966,0.10462420170396458,trending_down
2022-03-07,0.19981858852316092,-0.3207260610546565,0.10322389775811691,trending_down
2022-03-08,0.17822606262086693,-0.2816440311136856,0.08490747506881635,trending_down
2022-03-09,0.14393525813927144,-0.27277868429663754,0.08090952302597287,trending_down
2022-03-10,0.19418574052984972,-0.24868725175959142,0.07188934618246445,trending_down
2022-03-11,0.2064921467256009,-0.2461356298566643,0.070821245209993,trending_down
2022-03-14,0.18367358802981437,-0.24116473025218643,0.06892766791489235,trending_down
2022-03-15,0.18626775937623363,-0.23926479981393806,0.06816245738777538,trending_down
2022-03-16,0.1839678504893656,-0.23117943633314053,0.06603470362469199,trending_down
2022-03-17,0.16022076775138383,-0.217422826222401,0.061498632206529624,trending_down
2022-03-18,0.10393930922595218,-0.18950662058073636,0.05029623695501573,range_bound
2022-03-21,0.14651733780090148,-0.1718805769189252,0.04279785881785103,range_bound
2022-03-22,0.16306311580616373,-0.16761123292042163,0.0408803862473347,range_bound
2022-03-23,0.17313374679609916,-0.16595125776441394,0.040449429941582626,range_bound
2022-03-24,0.18509608221533402,-0.15597033928183265,0.0363095160427519,range_bound
2022-03-25,0.18982883431397557,-0.15287936352058001,0.03538872379902758,range_bound
2022-03-28,0.20998258033566652,-0.14854816967333145,0.033624534490903635,range_bound
2022-03-29,0.20408206170082144,-0.14693393953801698,0.032997821838418595,range_bound
2022-03-30,0.23284648724644907,-0.14000039008590157,0.03026879471097088,range_bound
2022-03-31,0.23952557837558786,-0.13992676658049752,0.030332938345831617,range_bound
2022-04-01,0.25062752683519673,-0.1461719877367938,0.03339654579740792,range_bound
2022-04-04,0.23400445561469874,-0.14716332836246526,0.03389595479842844,range_bound
2022-04-05,0.17329468257280345,-0.13538973903747845,0.029880299166036628,range_bound
2022-04-06,0.19572918556793484,-0.13967106929370013,0.03200892501707964,range_bound
2022-04-07,0.24496267797251203,-0.13468592294450657,0.030644345027772135,range_bound
2022-04-08,0.27709739637390274,-0.12671156195057207,0.027929344388576194,range_bound
2022-04-11,0.28876851322966224,-0.12641465002719332,0.027858765627478244,range_bound
2022-04-12,0.3191592477889811,-0.13986046371218072,0.033898518139727774,range_bound
2022-04-27,0.3587295302418909,-0.14518091363361663,0.03721834322196871,range_bound
2022-04-28,0.309074076517331,-0.15542977903885455,0.04379837694412614,range_bound
2022-04-29,0.3424285575354751,-0.13762548104325564,0.035469775817931315,range_bound
2022-05-02,0.2931222401603648,-0.10957424313826974,0.024305557694110025,range_bound
2022-05-03,0.25471037200776236,-0.10330948434865715,0.022196187310892568,range_bound
2022-05-04,0.2687299841228632,-0.10255614629261058,0.021992517409128998,range_bound
2022-05-05,0.2504872121700985,-0.09536250524538625,0.020220408610495677,range_bound
2022-05-06,0.2859070760234086,-0.0798565824775597,0.015721789138304465,range_bound
2022-05-09,0.2770865625375867,-0.0792464517966049,0.015511145082153566,crisis
2022-05-12,0.2254519286970722,-0.066210565022206,0.01185949857329549,crisis
2022-05-13,0.15058744674192215,-0.0409497980336275,0.005209846843454713,crisis
2022-05-16,0.12307171450816501,-0.04610793935869935,0.0069103683933957605,range_bound
2022-05-17,0.09199602243269034,-0.0533897355936299,0.009417876954133653,crisis
2022-05-18,0.09287688923073212,-0.05233261227906744,0.009232717928263523,crisis
2022-05-19,0.09229884976867431,-0.04359476791951818,0.0068915604584549595,crisis
2022-05-20,0.13012398068980957,-0.05986257178111868,0.01348404905244116,crisis
2022-05-23,0.13205587313040712,-0.05998829338985103,0.013543154447106298,crisis
2022-05-24,0.14684327860208124,-0.058760728221857204,0.01318521401463435,crisis
2022-05-25,0.14740978949012362,-0.05836007586834998,0.01303897788264996,crisis
2022-05-26,0.1463483705328006,-0.05830235722625193,0.013051870504951935,crisis
2022-05-27,0.13354309718530222,-0.06182799831792338,0.014897305585717557,crisis
2022-05-31,0.13938799036678184,-0.057526042990780325,0.013180149019646703,crisis
2022-06-01,0.1329569541322959,-0.05699317109696734,0.012940427097495433,crisis
2022-06-02,0.12109543024033664,-0.0566779797674846,0.012792475735245445,crisis
2022-06-03,0.12895410169451882,-0.0528566258200007,0.011260601006183424,crisis
2022-06-06,0.11495416999084185,-0.049416493059168703,0.009917133218470986,crisis
2022-06-07,0.14898959712223747,-0.04355949043817487,0.007974419783276177,crisis
2022-06-08,0.16270916042905958,-0.04229958747094583,0.007559572741215215,crisis
2022-06-09,0.15899870513428205,-0.039930997327807895,0.006756567832684968,crisis
2022-06-10,0.13097721095020476,-0.018795178560249235,0.001440609107069002,crisis
2022-06-13,0.1232023635989441,0.0025815790841460474,2.7363257766865878e-05,crisis
2022-06-14,0.1694163626316869,-0.014761779895808663,0.0009239647692472763,crisis
2022-06-15,0.18517019717817584,-0.01322561831099082,0.0007490782223271708,crisis
2022-06-16,0.19783237231405826,-0.011735198634357428,0.0005950766193791868,crisis
2022-06-17,0.167883030454425,-0.002164713305109688,2.093628282862081e-05,crisis
2022-06-21,0.12974749875733704,0.0018830192130454765,1.6572261783531772e-05,crisis
2022-06-22,0.1478918658408097,0.00713176271292395,0.0002422105245182271,crisis
2022-06-23,0.18369058787346004,0.011823208407029938,0.0006919962189231299,crisis
2022-06-24,0.18968076850326843,0.012241721520778862,0.0007449343610104187,crisis
2022-06-27,0.2263874503298331,0.019629627226967514,0.0019979727261266733,crisis
2022-06-28,0.21347104785632287,0.020000310134430425,0.002078592598742768,crisis
2022-06-29,0.22347532228993372,0.023905148205926558,0.0030256145869665962,crisis
2022-06-30,0.21407220562928253,0.023977953385986215,0.0030473682375575795,crisis
2022-07-01,0.19727482999192336,0.024777965727657766,0.0032699369578746973,crisis
2022-07-05,0.20857364585662053,0.025405685938294346,0.003458915242354532,crisis
2022-07-06,0.22418779388919408,0.026144195454965775,0.0036882748363361584,crisis
2022-07-07,0.11903060197792459,0.06182943745200841,0.03566266091822634,crisis
2022-07-08,0.1678174923226443,0.07123657138537691,0.04808156810816322,crisis
2022-07-11,0.13885392682372966,0.0784612440445645,0.05949675774771246,crisis
2022-07-12,0.11398724639106428,0.08261531425040186,0.06301664037883514,crisis
2022-07-13,0.09949697081239339,0.08531249911372914,0.06553760506001927,crisis
2022-07-15,0.08546566067002836,0.0863110551392214,0.06605506900315328,crisis
2022-07-18,0.027691474447732567,0.06964023501528703,0.03715021582325451,crisis
2022-07-19,0.005958316649445017,0.07352664284898322,0.039457453164082,crisis
2022-07-20,0.08862060247940273,0.1069685563621916,0.06211708008396877,crisis
2022-07-21,0.10376053949555297,0.1087814493758211,0.06337816565196619,crisis
2022-07-22,0.12843175929413309,0.11318224629410875,0.06661169576212911,crisis
2022-07-25,0.1104677951398434,0.11934230572811758,0.07131652525189702,crisis
2022-07-26,0.11893679807496205,0.1203456343715713,0.07228818174644203,crisis
2022-07-27,0.09020023068381877,0.1266656887795108,0.07666389513094019,crisis
2022-07-28,0.16135384210036374,0.15190190917138008,0.0958575157020406,crisis
2022-07-29,0.18438857417266052,0.1556358468138344,0.0995591588545306,crisis
2022-08-05,0.20641026109817484,0.16095281670550407,0.10482794067922052,crisis
2022-08-08,0.20716122606299203,0.16093667157282862,0.10481066279559581,crisis
2022-08-09,0.23054553465225824,0.16356471619079727,0.10872668811573916,crisis
2022-08-10,0.25074988697341904,0.16338613464601923,0.10843727428949046,crisis
2022-08-11,0.13057555863293224,0.14607025797284792,0.07865294063477823,crisis
2022-08-12,0.13149357907481263,0.14608580896479775,0.07867513855703556,crisis
2022-08-15,0.029318913580900885,0.143450642482368,0.07349350383632369,crisis
2022-08-16,-0.0018467107976160024,0.1455256774804254,0.07548116394945081,crisis
2022-08-17,0.014772117881111324,0.13804434355031467,0.06855076034930674,crisis
2022-08-18,0.03778608543836115,0.1349130734393731,0.06464565408946987,trending_up
2022-08-22,0.03635530205127724,0.13215418223371406,0.061832133739513795,crisis
2022-08-23,0.1328171912081284,0.10324764876066875,0.032484428118184305,range_bound
2022-08-24,0.14819642811470213,0.10233947271272673,0.03192809088738535,range_bound
2022-08-25,0.10531376124566849,0.09118308841831098,0.02541248929765183,range_bound
2022-08-26,0.053206099098316084,0.08015239369757983,0.018633334309202998,range_bound
2022-08-29,0.17662578529270578,0.019951842003027187,0.0009389123891144768,range_bound
2022-08-30,0.1894500247332942,0.01918166306289396,0.0008649122593181735,range_bound
2022-08-31,0.21050282430616885,0.015745534351375247,0.0005723909976381725,range_bound
2022-09-01,0.2236779832873359,0.014862661758952282,0.0005098608353143463,range_bound
2022-09-02,0.21524981809900412,0.014294791064075392,0.0004710448923886945,range_bound
2022-09-09,0.24081678736405432,0.011364509782772621,0.0002960812110800459,range_bound
2022-09-12,0.27523909320338946,0.018059954380316247,0.0007394131007012472,range_bound
2022-09-13,0.2996609177123004,0.019866460611244852,0.0008852922976478883,crisis
2022-09-14,0.19750760566277648,0.07935798229203447,0.012846692829261208,crisis
2022-09-15,0.19879584531661854,0.0792951254661993,0.012829734256950998,trending_down
2022-09-16,0.19446065237187704,0.08228014751068578,0.013725294245964359,trending_down
2022-09-19,0.20340995002637086,0.08171987297819173,0.013555963856218711,trending_down
2022-09-20,0.18495869316882563,0.08038977067219827,0.01293630191814088,trending_down
2022-09-21,0.20483257435459468,0.07749771330257937,0.012016236776498768,crisis
2022-09-23,0.23069472580291683,0.07133225070676476,0.010157972658318193,trending_down
2022-09-26,0.19578433418379837,0.07899055764061154,0.012325532411944229,trending_down
2022-09-27,0.18112608839142452,0.08072734389507455,0.0127774531430086,range_bound
2022-09-28,0.17242984591873523,0.07981148564996134,0.012294959444029474,range_bound
2022-09-29,0.19641560621537435,0.085356545402107,0.014150974953174966,range_bound
2022-09-30,0.1726051900735619,0.09215844236836328,0.01643723291033683,range_bound
2022-10-03,0.1624072715672107,0.09693928437042185,0.018020398380894753,range_bound
2022-10-04,0.20055661170553218,0.1088600936844725,0.02283444083857411,range_bound
2022-10-05,0.22555641593788445,0.11713175789011447,0.026942375890316894,range_bound
2022-10-06,0.23066367864932547,0.11347791432574468,0.02472883061301967,range_bound
2022-10-07,0.21727226425666668,0.11521566484974585,0.02545813109858419,trending_down
2022-10-10,0.19354083198951022,0.1301816882115203,0.03193339457464639,trending_down
2022-10-11,0.18701364999244596,0.13080694668703158,0.03224589917060672,trending_down
2022-10-12,0.1779020801158122,0.13163191655139347,0.0325133149480028,trending_down
2022-10-13,0.1731983626133773,0.13179644515565236,0.032547529541648856,range_bound
2022-10-14,0.20721467377902236,0.14220166760045627,0.03775603106363934,trending_down
2022-10-17,0.20603336142238438,0.1486102272861796,0.041030227739154435,range_bound
2022-10-18,0.2212225804128063,0.15212259607539355,0.04355503337758182,range_bound
2022-10-19,0.2267854070665727,0.1528724639303075,0.044006370707063924,range_bound
2022-10-20,0.2258885459569202,0.15313995298138336,0.04420151746104972,trending_down
2022-10-21,0.22666400854482793,0.15436847068818213,0.044754808286657455,crisis
2022-10-24,0.23475929213154,0.15629384041757174,0.046435531015332376,crisis
2022-11-04,0.24119517057023976,0.1573837341757344,0.0469552160938681,crisis
2022-11-07,0.2103269631813096,0.1516946488048141,0.04357221021981994,crisis
2022-11-08,0.18330465373165938,0.14836979292306104,0.041484315321605125,range_bound
2022-11-09,0.15906426067393253,0.14610338254818303,0.04000949917984409,range_bound
2022-11-10,0.21239180964484694,0.1311338156350527,0.03161102208232025,crisis
2022-11-11,0.03997917700674014,0.043549353044144666,0.003267572585507028,crisis
2022-11-22,0.04461288950669218,0.04377858005583672,0.0033102330465328844,crisis
2022-11-29,0.039741391219967115,0.04217670564028957,0.003077455491237835,crisis
2022-11-30,0.023631162201712463,0.04499375990879624,0.003497798623907089,crisis
2022-12-01,-0.04065438027878099,0.025813251879610713,0.0011492732508396886,crisis
2022-12-02,-0.032176142237169914,0.0262856558147181,0.001191825730997631,crisis
2022-12-05,-0.033727081240182644,0.026399930673006368,0.0012021367424022156,crisis
2022-12-06,-0.12559744934317207,0.04973410408614163,0.0041108925481850855,crisis
2022-12-07,-0.08884225305334015,0.041078123396218705,0.0027578721165544273,crisis
2022-12-08,-0.08512652308313129,0.04088147690873197,0.002730497612039029,crisis
2022-12-09,-0.12287354324086697,0.03277595322529236,0.001724427399188766,crisis
2022-12-12,-0.09189013259838263,0.02517427929797294,0.000977440210699787,crisis
2022-12-13,-0.13082329619793587,0.016749316536443012,0.0004263619358453319,crisis
2022-12-14,-0.15051834060040148,0.014524343494198268,0.000319329266004309,crisis
2022-12-15,-0.13371667667992126,0.012036063288691638,0.0002131549166025648,crisis
2022-12-16,-0.0646495102017367,-0.014600558360877813,0.0002899215877250061,crisis
2022-12-19,-0.0369234960447119,-0.019538454234368386,0.0005163952735941502,crisis
2022-12-20,-0.01692814108279528,-0.02226411003312828,0.0006496711851843306,crisis
2022-12-21,-0.02030050107812098,-0.022329172213805922,0.0006533707409916989,crisis
2022-12-22,-0.05738878095288491,-0.030895780211941327,0.0012218908570715836,crisis
2022-12-23,-0.009474932589574991,-0.041304665740089425,0.0021457804315970774,crisis
2023-01-03,-0.030394388638750214,-0.04367170928648215,0.0023637929771892496,crisis
2023-01-04,-0.036898223374696726,-0.04823481068626047,0.002740176905562386,crisis
2023-01-05,-0.007708225870663443,-0.04500740672078836,0.0023690915035187166,crisis
2023-01-06,-0.04907062006373841,-0.037269213560246754,0.0016065531729780869,crisis
2023-01-09,0.03409754240576479,-0.0073207578973632625,5.8167436962186514e-05,crisis
2023-01-10,0.03355074640822897,-0.007547789915592749,6.170859343435087e-05,crisis
2023-01-11,0.05858491590848858,-0.0051324261705545954,2.836172001929871e-05,crisis
2023-01-12,0.09960271097095874,0.001555271121684346,2.54623274820176e-06,crisis
2023-01-13,0.1049437709245431,-0.0005010637964669746,2.593518197979705e-07,crisis
2023-01-17,0.12385412799753426,-0.0001323776500852977,1.8068194607145927e-08,crisis
2023-01-18,0.12064774248494059,-0.0005464233357701159,3.071183471980987e-07,crisis
2023-01-19,0.04701308258402159,0.012056887168585008,0.0001449095937245959,crisis
2023-01-20,0.027049545447604295,0.013179524653790882,0.00017103376345417587,crisis
2023-02-02,0.09941773521541597,0.033339551076662775,0.0010654729224063297,crisis
2023-02-03,0.03557912418781961,0.02008069996082848,0.0003792450434242367,crisis
2023-02-06,0.08304154797994712,0.012361715251948624,0.00014235334459888893,crisis
2023-02-07,0.14927299147444728,-0.005000027717886072,2.3111699427702526e-05,crisis
2023-02-08,0.1443815735819225,-0.029484461370791578,0.000781611877915922,crisis
2023-02-09,0.1463430384113218,-0.018313969040907922,0.00028770183498416646,crisis
2023-02-10,0.18095694575415378,-0.022728453329777323,0.0004422002544146597,trending_up
2023-02-13,0.1651524609856585,-0.02411107361888809,0.0004944080075239832,trending_up
2023-02-14,0.14205184924358427,-0.04233191871189446,0.0014525593865728492,trending_up
2023-02-15,0.14272343880710747,-0.04232705710499735,0.0014523173514596754,trending_up
2023-02-16,0.11446874477327085,-0.048898846823268484,0.0018979356019435123,trending_up
2023-02-17,0.17331582842991033,-0.061528965097258935,0.002977705274222253,trending_up
2023-02-21,0.1764895716022512,-0.06243945839431737,0.003058028924980083,trending_up
2023-02-22,0.24037247824575814,-0.09730082105969562,0.007041699837318172,trending_up
2023-02-23,0.24758694586509167,-0.09768484269282574,0.007093945702616344,trending_up
2023-02-24,0.2427267415311365,-0.10480610347316154,0.008024256322473278,trending_up
2023-02-27,0.2900009759561284,-0.11206614724488267,0.009134797063746647,trending_up
2023-02-28,0.2818253866342153,-0.11394276381697856,0.009407902659618439,trending_up
2023-03-01,0.2888986942945775,-0.1155266794194895,0.009634232806025378,trending_up
2023-03-06,0.3026724702044903,-0.11636197476050815,0.009771719559926617,trending_up
2023-03-07,0.299788876698301,-0.11648332382166707,0.00978912363839235,range_bound
2023-03-08,0.19870252151952705,-0.10460253095404291,0.0077520826294367184,trending_up
2023-03-09,0.20821888080953088,-0.1045848826530549,0.007749958278508218,range_bound
2023-03-10,0.16045458936916757,-0.08680227721604221,0.0052583583053897875,range_bound
2023-03-13,0.23039755178086452,-0.10067860757787603,0.007046333523258341,range_bound
2023-03-14,0.24205617657988454,-0.1020919103236963,0.00724694718162866,range_bound
2023-03-15,0.3642309038172551,-0.07122596583604522,0.0035279131666046126,range_bound
2023-03-16,0.374865740869585,-0.07327148158047446,0.003738339946023239,range_bound
2023-03-17,0.32871237031217304,-0.0988682801456846,0.006873165067260767,range_bound
2023-03-20,0.26923322931153115,-0.09411932014250303,0.006228318920126763,range_bound
2023-03-21,0.25984035785968196,-0.09575613882213038,0.006457420657896229,range_bound
2023-03-22,0.3314404314073036,-0.0948351281703996,0.006367038210569165,trending_down
2023-03-23,0.28690743141979214,-0.08409264830463857,0.005029983748390809,trending_down
2023-03-24,0.33841284763990176,-0.09238866433934496,0.006092695351728961,trending_down
2023-03-27,0.2570741418889817,-0.1258526414618369,0.011348138569953314,trending_down
2023-03-28,0.2277291412292186,-0.13180368460344177,0.012410466499202077,trending_down
2023-03-29,0.18313922785568404,-0.14017987310954672,0.013982638155161875,range_bound
2023-03-30,0.22157107193878134,-0.13136569841144896,0.01232208872824092,range_bound
2023-03-31,0.23230075624738378,-0.1303192290177398,0.012138404132857272,range_bound
2023-04-03,0.2656849651226765,-0.12091798421980207,0.01046740338431984,range_bound
2023-04-04,0.3568098409035658,-0.09584661388342075,0.0066572738729963055,range_bound
2023-04-05,0.336412951104089,-0.09390089476099765,0.006383942212161764,range_bound
2023-04-06,0.3887263628400164,-0.07737179231581837,0.004360674249482388,range_bound
2023-04-13,0.42196194155380784,-0.07536406325590082,0.004141750000057232,range_bound
2023-04-14,0.36440234038078545,-0.08789230232915737,0.005573210040437204,range_bound
2023-04-17,0.31687281417305857,-0.08457156022612233,0.005156774941359243,range_bound
2023-04-18,0.3489474802269912,-0.08298185749095811,0.004969102346065402,range_bound
2023-04-19,0.25432664662734705,-0.052299911435477554,0.0020270440789090793,range_bound
2023-04-20,0.24522487404473559,-0.05207405668555553,0.0020093207367207766,range_bound
2023-04-21,0.2323361852110617,-0.04894809226274921,0.0017724485903811704,range_bound
2023-04-24,0.2774092419630636,-0.03634209757066944,0.0009838957215086985,range_bound
2023-04-25,0.14611119119029548,0.03798719437360121,0.0011212949144487894,range_bound
2023-04-26,0.20089312387412983,0.020276327619005875,0.00031441581721380896,range_bound
2023-04-27,0.196881896093549,0.022862902354029203,0.0003983032710455081,range_bound
2023-04-28,0.10891499180807807,-0.0032741323773798027,7.999660048052526e-06,range_bound
2023-05-01,0.08544573003924505,-0.007809887040501667,4.5344683422432475e-05,range_bound
2023-05-02,0.06629474653269551,-0.003358745792622651,8.37152066801572e-06,range_bound
2023-05-03,-0.00610998716036848,-0.0017252373155439108,2.1816010769004635e-06,range_bound
2023-05-04,-0.007017833316838917,-0.008264176792512372,4.9935624413799395e-05,range_bound
2023-05-05,0.1165646016062154,-0.10231312143546994,0.007503684736593685,range_bound
2023-05-08,0.05448392315077211,-0.12544558822404128,0.011110361325403773,range_bound
2023-05-09,0.06717173759338224,-0.12898155998993197,0.011681050328203879,range_bound
2023-05-10,0.0758793097522168,-0.1296554595654893,0.011768861340294423,range_bound
2023-05-11,0.07195509091488606,-0.12929902223906956,0.011679127709937398,range_bound
2023-05-12,0.0623608737653667,-0.12612971974214973,0.011062153237580752,range_bound
2023-05-15,0.04359484695162341,-0.1181811555398277,0.00961076960620666,range_bound
2023-05-16,0.06514766900039648,-0.13043172042204068,0.011585568503217014,range_bound
2023-05-17,0.10181492485841082,-0.13743481701452162,0.012809340443634576,range_bound
2023-05-18,0.07011341811002825,-0.1472099574765998,0.014595458933549743,range_bound
2023-05-19,0.015816536039727547,-0.16502978851275013,0.018044596821354952,range_bound
2023-05-22,0.04095330593759838,-0.1810971650454532,0.02132205744927196,range_bound
2023-05-23,0.06811824143263956,-0.1903037019601867,0.023278703559478586,range_bound
2023-05-24,-0.022059631912893507,-0.20472886566470858,0.026213366047352138,range_bound
2023-05-25,-0.0847581655871068,-0.2295220303130498,0.03156006793549415,range_bound
2023-05-26,-0.10977509326047075,-0.2364378189339153,0.033252552542828884,range_bound
2023-06-13,-0.12801977348273663,-0.2540164121106187,0.03783144345307321,range_bound
2023-06-14,-0.09673741113368739,-0.2950070603918073,0.04902565334049669,range_bound
2023-06-15,-0.08993036460935333,-0.29759847968053815,0.04968122173427558,range_bound
2023-06-16,-0.11495975892200883,-0.3123884263253813,0.053948667316283005,range_bound
2023-06-20,-0.0986771515293331,-0.3146871157548435,0.05465160527164192,range_bound
2023-06-21,-0.11436017756293992,-0.3501453145686075,0.06567304498052895,range_bound
2023-06-22,-0.06355445756342126,-0.3751237456138746,0.07294490107869589,range_bound
2023-06-23,-0.10038291722412762,-0.40171496203095763,0.08084138230688287,range_bound
2023-06-26,-0.08838421946909836,-0.41297567868072593,0.08459290251799112,range_bound
2023-06-27,-0.0669664259352396,-0.4172036652696711,0.08592551381397684,range_bound
2023-06-28,-0.08514923999320823,-0.4307555727297663,0.0904141283452583,trending_up
2023-06-29,-0.11426119681639824,-0.4569807832395332,0.09864278599404586,trending_up
2023-06-30,-0.13977351673487914,-0.4647894983565673,0.10119057132706155,trending_up
2023-07-05,-0.1632682786447781,-0.4743607436385711,0.10364811651137529,trending_up
2023-07-06,-0.15094529225594633,-0.4721431578076894,0.10241796964665129,trending_up
2023-07-07,-0.12304648687250741,-0.4779677127810114,0.10456759636959256,trending_up
2023-07-10,-0.1442160955381132,-0.45828381590370326,0.09504921947970757,trending_up
2023-07-11,-0.10777886357363553,-0.3338456711407981,0.04450428085550595,trending_up
2023-07-12,-0.13397911273058427,-0.34231327361882746,0.046369267789671875,trending_up
2023-07-13,-0.15263102034763842,-0.34813905255410393,0.04721209137090543,trending_up
2023-07-24,-0.17533559516990738,-0.356067750665193,0.049209817908826836,trending_up
2023-07-28,-0.1370543664270284,-0.31802900437699844,0.036773812450433874,trending_up
2023-07-31,-0.17083936931147348,-0.3341781077790088,0.04026849639705099,trending_up
2023-08-01,-0.17830353366955842,-0.3344093854950466,0.040313622377041836,trending_up
2023-08-02,-0.0967349919505408,-0.4009759768056323,0.05822784320590069,trending_up
2023-08-03,-0.0801408628302207,-0.4115035649912578,0.06033825011172844,trending_up
2023-08-04,-0.07615905483248298,-0.4123468966383734,0.06057854883778857,range_bound
2023-08-07,-0.04618076355450573,-0.4091597898460059,0.059623017989772986,range_bound
2023-08-08,-0.08589777866228232,-0.412376665087336,0.06038065703540452,range_bound
2023-08-09,-0.04633479505310312,-0.3946136773398602,0.05514559745670533,range_bound
2023-08-10,-0.011391975378244212,-0.3949773899455709,0.05518971942008444,range_bound
2023-08-11,-0.02717550082928266,-0.39054617865444474,0.05390966830261856,range_bound
2023-08-14,-0.08520753424629701,-0.3204418213985187,0.03598736008179382,range_bound
2023-08-15,-0.12056469419077231,-0.3108407643949392,0.03359625523568255,range_bound
2023-08-16,-0.10198701769613439,-0.32498563844036976,0.03653610081725467,range_bound
2023-08-18,-0.08344132861527653,-0.33159742258541614,0.03810533580574804,range_bound
2023-08-21,-0.059013441517519194,-0.31171586250859007,0.033373642658631075,range_bound
2023-08-22,-0.07666863005305835,-0.27302699624069937,0.025590054560396203,range_bound
2023-08-23,-0.07185991139474457,-0.2672909497740349,0.024542449158178048,range_bound
2023-08-24,-0.018666927530345045,-0.2503842569622399,0.021555194909636866,range_bound
2023-08-25,-0.09766270335697025,-0.22641123016883874,0.017749597163311037,range_bound
2023-08-28,-0.032266313755057174,-0.24702262200186442,0.021160618951723276,range_bound
2023-08-29,-0.10136266097637026,-0.36000791475469335,0.045970831391374256,range_bound
2023-08-30,-0.058782148695899705,-0.3262968428766084,0.038038975499928296,range_bound
2023-08-31,-0.07629887246867206,-0.3343960835391762,0.04005694436038232,range_bound
2023-09-01,-0.12587794722347412,-0.3678213085963693,0.04865951324896378,trending_up
2023-09-05,-0.13468716664004954,-0.3701003780968674,0.04930052801585949,trending_up
2023-09-06,-0.16028343408484225,-0.370304728075584,0.04947957107237322,range_bound
2023-09-07,-0.17228092489364955,-0.36327422952130217,0.04774162818571348,range_bound
2023-09-08,-0.11781880531369049,-0.4216505651094249,0.06465189512654457,range_bound
2023-09-11,-0.08267017462025772,-0.43487495412559585,0.06877328982878217,range_bound
2023-09-12,-0.1648384190753972,-0.5267921640751811,0.10255984987069289,range_bound
2023-09-13,-0.12406240252248879,-0.49909866374972,0.09280448654925832,range_bound
2023-09-14,-0.14939361594131084,-0.4820054015654729,0.08673118734268714,range_bound
2023-09-15,-0.174144600146116,-0.4836326697656766,0.08748610249788447,range_bound
2023-09-18,-0.2026536415373662,-0.42232023279867725,0.06605291934913726,range_bound
2023-09-19,-0.2218659932752558,-0.40675899380312786,0.06110875096900581,range_bound
2023-09-20,-0.23408839866434272,-0.3962351399179247,0.057953969708474884,range_bound
2023-09-21,-0.20638925454121304,-0.4130698912504492,0.06263004510069503,range_bound
2023-09-22,-0.13800460531196457,-0.44468986921454784,0.07152631118604391,range_bound
2023-09-25,-0.14967297832579107,-0.4430681841950112,0.07098194494564347,range_bound
2023-09-26,-0.12929948430142657,-0.4379710013414103,0.06939670300960532,range_bound
2023-09-27,-0.20118115328652086,-0.36589722592940127,0.04918682040612821,range_bound
2023-09-28,-0.2053963057268643,-0.36477795317265416,0.04889200355247014,range_bound
2023-09-29,-0.23849469451978844,-0.2887747518888544,0.030985385801653997,range_bound
2023-10-02,-0.24578473915958998,-0.2875290845021655,0.030743595933790724,range_bound
2023-10-03,-0.23580513770208145,-0.2837747229359171,0.029935558351341318,range_bound
2023-10-04,-0.2881077679270303,-0.23259522227067023,0.020461904286875776,range_bound
2023-10-05,-0.2688241869307797,-0.22335830142165483,0.018927508601847665,range_bound
2023-10-06,-0.27777926811284237,-0.22028815034287166,0.018424055130709438,range_bound
2023-10-09,-0.26671068899250183,-0.19642721343726985,0.014783016203043675,range_bound
2023-10-10,-0.2598898207247755,-0.191613731052727,0.014106956527825454,range_bound
2023-10-11,-0.2027891951281342,-0.24384126931179828,0.02291677572919837,range_bound
2023-10-12,-0.20196783161018717,-0.24251876916219875,0.022698724008801352,range_bound
2023-10-13,-0.1430148228578385,-0.32161901397207554,0.04010517288429649,range_bound
2023-10-16,-0.1888123818477122,-0.28307977709735005,0.031002108951151408,range_bound
2023-10-17,-0.16341231172714887,-0.2654347501568394,0.027361652732172725,range_bound
2023-10-18,-0.20212537165921707,-0.3227151061081432,0.04033759305074114,range_bound
2023-10-19,-0.22412007294607872,-0.2921292234295436,0.03327307741844132,range_bound
2023-10-20,-0.28140388267428407,-0.3445302476062918,0.046378410648283075,range_bound
2023-10-23,-0.2802215166463661,-0.34467474892056915,0.04655982385671176,range_bound
2023-10-24,-0.29799355642811354,-0.36252564525703085,0.051300763655976245,range_bound
2023-10-25,-0.3230475945984337,-0.3942022123889682,0.060342688840000824,trending_down
2023-10-26,-0.2827633359747762,-0.45550935481680543,0.07953267765676153,trending_down
2023-10-27,-0.2859610613736887,-0.460078770667188,0.08252499228978105,trending_down
2023-10-30,-0.3043847488503755,-0.4652315547938689,0.08434233122140711,trending_down
2023-10-31,-0.2897559684290888,-0.4445050691826904,0.07809979155091384,trending_down
2023-11-01,-0.277649202231677,-0.43988024732007824,0.07671119018675554,range_bound
2023-11-02,-0.2932733107299347,-0.4662208624048718,0.08602044469307213,range_bound
2023-11-03,-0.28314792786976395,-0.43303938863737085,0.07726155867338946,range_bound
2023-11-06,-0.30595130998656517,-0.4663434200966908,0.08965725236209043,range_bound
2023-11-07,-0.31320599078536815,-0.4691751416913578,0.09082929986513844,range_bound
2023-11-08,-0.2967066700144312,-0.47483792603168684,0.09284235102102656,range_bound
2023-11-09,-0.28882778468183135,-0.4763245540322586,0.09333497534254509,range_bound
2023-11-10,-0.3079685470548903,-0.4751202454486567,0.09376014601904259,range_bound
2023-11-13,-0.26779258816405105,-0.4234310757683457,0.07703031456710863,range_bound
2023-11-14,-0.25723101439078466,-0.4259187955923861,0.07801083329437897,range_bound
2023-11-15,-0.24928851521416873,-0.3941748843172911,0.0697760377266523,range_bound
2023-11-16,-0.251065144285469,-0.394005583105859,0.06975503509416403,range_bound
2023-11-17,-0.2508522984865065,-0.39391015847472816,0.0697229810453579,range_bound
2023-11-20,-0.23258501320535763,-0.4019109561639518,0.07256430452993967,range_bound
2023-11-21,-0.2291153971726707,-0.4023325514723893,0.07314629200902623,range_bound
2023-11-22,-0.22592978524986984,-0.40275083282475205,0.07334538205219077,range_bound
2023-11-24,-0.26649254414344126,-0.3546012708203559,0.057877028484279,range_bound
2023-11-27,-0.2765072792978016,-0.35041480441927364,0.056572069112832635,range_bound
2023-11-28,-0.24095364682615683,-0.28891258352151133,0.03891965078520376,range_bound
2023-11-29,-0.22526279512752612,-0.2774571505488842,0.03598463688471876,range_bound
2023-11-30,-0.22642919858955934,-0.27724343139822116,0.03593312207288535,range_bound
2023-12-01,-0.18994845170556907,-0.31612802821319014,0.047060111349287226,range_bound
2023-12-04,-0.21248888566489377,-0.31317449339161735,0.046070645585339465,range_bound
2023-12-05,-0.21355634231985843,-0.3103589042813762,0.04515928536614233,range_bound
2023-12-06,-0.18016026475421898,-0.2514363734109222,0.029972823747511868,range_bound
2023-12-07,-0.16708775263472309,-0.256571168239027,0.031137866858032326,range_bound
2023-12-08,-0.19766194358761835,-0.2651092880612461,0.03297837055889041,range_bound
2023-12-11,-0.20110001492315843,-0.2659529905518614,0.033110287196821075,range_bound
2023-12-12,-0.21544900053142568,-0.2678421123083423,0.03350791125121233,range_bound
2023-12-13,-0.2306547944672881,-0.2712439496577607,0.03425914783932826,range_bound
2023-12-26,-0.2571932594717512,-0.3137041456018672,0.044604899777360485,range_bound
2023-12-27,-0.2777391302584796,-0.3067686838651634,0.04261012542764486,range_bound
2023-12-28,-0.2610392701357054,-0.28403321792240666,0.03663471430964593,range_bound
2023-12-29,-0.24495937281743962,-0.26974079657971906,0.03309718443135534,trending_up
