ticker,signal,model,alpha_annual,alpha_daily,t_stat,p_value,significant,r2,adj_r2,ic,ir,n_obs,low_sample_size,beta_MKT,beta_SMB,beta_HML,beta_MOM
AAPL,signal_rsi,CAPM,0.174837,0.00063961,0.435,0.663573,False,0.0159,0.0123,0.126,0.4687,279,False,-0.262,,,
AAPL,signal_rsi,FF3,0.16503,0.00060632,0.4016,0.68797,False,0.0184,0.0077,0.1358,0.443,279,False,-0.229,0.0796,0.1168,
AAPL,signal_rsi,Carhart4,0.133985,0.00049908,0.3506,0.725908,False,0.0638,0.0501,0.2526,0.3683,279,False,-0.162,0.0211,0.1472,0.7877
AAPL,signal_macd,CAPM,-0.065405,-0.00026838,-0.317,0.751245,False,0.0104,0.0084,0.1017,-0.2225,500,False,-0.1623,,,
AAPL,signal_macd,FF3,-0.061542,-0.00025202,-0.2966,0.766766,False,0.0117,0.0057,0.1079,-0.2095,500,False,-0.1672,0.0846,0.0198,
AAPL,signal_macd,Carhart4,-0.058388,-0.00023871,-0.2802,0.77936,False,0.0126,0.0046,0.112,-0.1989,500,False,-0.1558,0.0692,0.0295,0.0953
AAPL,signal_zscore,CAPM,-0.424214,-0.00218815,-1.577,0.114792,False,0.0001,-0.0045,0.0119,-1.1249,217,False,0.0253,,,
AAPL,signal_zscore,FF3,-0.419522,-0.00215602,-1.5695,0.116522,False,0.0074,-0.0066,0.0858,-1.1165,217,False,0.0833,0.1253,0.2185,
AAPL,signal_zscore,Carhart4,-0.443945,-0.00232621,-1.6785,0.093252,False,0.0292,0.0109,0.171,-1.1947,217,False,0.1166,0.0812,0.2488,0.5746
AAPL,signal_bb,CAPM,-0.066546,-0.00027323,-3.3835,0.000716,True,0.0001,-0.0015,0.0098,-2.0672,632,False,-0.0017,,,
AAPL,signal_bb,FF3,-0.066139,-0.0002715,-3.4462,0.000569,True,0.0006,-0.0042,0.0239,-2.055,632,False,-0.0042,0.0057,-0.0045,
AAPL,signal_bb,Carhart4,-0.064802,-0.00026583,-3.4698,0.000521,True,0.0049,-0.0015,0.0698,-2.0178,632,False,-0.002,0.0027,-0.0037,0.022
AAPL,signal_ensemble,CAPM,-0.115052,-0.00048491,-11.7728,0.0,True,0.0023,0.0005,0.0484,-9.1926,532,False,0.0033,,,
AAPL,signal_ensemble,FF3,-0.115149,-0.00048534,-11.7072,0.0,True,0.0078,0.0021,0.0881,-9.2254,532,False,0.0068,-0.0062,0.0074,
AAPL,signal_ensemble,Carhart4,-0.114915,-0.00048429,-11.7535,0.0,True,0.0091,0.0016,0.0954,-9.2129,532,False,0.0073,-0.0068,0.0073,0.0047
AAPL,signal_rsi_vol_trend_gated,CAPM,-0.055257,-0.00022554,-7.208,0.0,True,0.0027,0.0012,0.0524,-4.6057,632,False,-0.0034,,,
AAPL,signal_rsi_vol_trend_gated,FF3,-0.055683,-0.00022733,-6.8802,0.0,True,0.0049,0.0001,0.0698,-4.6462,632,False,-0.0029,-0.0048,-0.0,
AAPL,signal_rsi_vol_trend_gated,Carhart4,-0.055506,-0.00022658,-7.024,0.0,True,0.0054,-0.0009,0.0735,-4.6326,632,False,-0.0026,-0.0052,0.0001,0.0029
AAPL,signal_zscore_vol_bb_gated,CAPM,0.0,0.0,0.0,1.0,False,0.0,0.0,0.0,0.0,0,True,0.0,,,
AAPL,signal_zscore_vol_bb_gated,FF3,0.0,0.0,0.0,1.0,False,0.0,0.0,0.0,0.0,0,True,0.0,0.0,0.0,
AAPL,signal_zscore_vol_bb_gated,Carhart4,0.0,0.0,0.0,1.0,False,0.0,0.0,0.0,0.0,0,True,0.0,0.0,0.0,0.0
AAPL,signal_macd_trend_gated,CAPM,0.0,0.0,0.0,1.0,False,0.0,0.0,0.0,0.0,0,True,0.0,,,
AAPL,signal_macd_trend_gated,FF3,0.0,0.0,0.0,1.0,False,0.0,0.0,0.0,0.0,0,True,0.0,0.0,0.0,
AAPL,signal_macd_trend_gated,Carhart4,0.0,0.0,0.0,1.0,False,0.0,0.0,0.0,0.0,0,True,0.0,0.0,0.0,0.0
AAPL,signal_bb_breakout_gated,CAPM,-0.046897,-0.00019058,-62.7469,0.0,True,0.0,-0.0016,0.0013,-35.1996,632,False,-0.0,,,
AAPL,signal_bb_breakout_gated,FF3,-0.046844,-0.00019037,-58.5368,0.0,True,0.003,-0.0018,0.0546,-35.2126,632,False,-0.0002,0.0007,-0.0003,
AAPL,signal_bb_breakout_gated,Carhart4,-0.046842,-0.00019036,-58.3925,0.0,True,0.003,-0.0034,0.0546,-35.2113,632,False,-0.0002,0.0006,-0.0003,0.0
AAPL,signal_mr_pool,CAPM,-0.055257,-0.00022554,-7.208,0.0,True,0.0027,0.0012,0.0524,-4.6057,632,False,-0.0034,,,
AAPL,signal_mr_pool,FF3,-0.055683,-0.00022733,-6.8802,0.0,True,0.0049,0.0001,0.0698,-4.6462,632,False,-0.0029,-0.0048,-0.0,
AAPL,signal_mr_pool,Carhart4,-0.055506,-0.00022658,-7.024,0.0,True,0.0054,-0.0009,0.0735,-4.6326,632,False,-0.0026,-0.0052,0.0001,0.0029
AAPL,signal_trend_pool,CAPM,-0.046942,-0.00019077,-66.9767,0.0,True,0.0,-0.0016,0.0013,-37.5711,632,False,-0.0,,,
AAPL,signal_trend_pool,FF3,-0.046893,-0.00019057,-62.4872,0.0,True,0.003,-0.0018,0.0546,-37.5877,632,False,-0.0002,0.0006,-0.0003,
AAPL,signal_trend_pool,Carhart4,-0.046891,-0.00019056,-62.3333,0.0,True,0.003,-0.0034,0.0546,-37.5863,632,False,-0.0002,0.0006,-0.0003,0.0
AAPL,signal_regime_adaptive,CAPM,0.0,0.0,0.0,1.0,False,0.0,0.0,0.0,0.0,0,True,0.0,,,
AAPL,signal_regime_adaptive,FF3,0.0,0.0,0.0,1.0,False,0.0,0.0,0.0,0.0,0,True,0.0,0.0,0.0,
AAPL,signal_regime_adaptive,Carhart4,0.0,0.0,0.0,1.0,False,0.0,0.0,0.0,0.0,0,True,0.0,0.0,0.0,0.0
AAPL,signal_adaptive,CAPM,-0.185381,-0.0008133,-1.9201,0.054839,False,0.0273,0.0247,0.1652,-1.2017,374,False,-0.1498,,,
AAPL,signal_adaptive,FF3,-0.181213,-0.00079306,-1.8605,0.062809,False,0.0324,0.0246,0.1801,-1.1778,374,False,-0.1338,0.04,0.0739,
AAPL,signal_adaptive,Carhart4,-0.179661,-0.00078555,-1.8418,0.065503,False,0.0327,0.0222,0.1807,-1.1678,374,False,-0.1308,0.0382,0.0724,0.0264
GOOGL,signal_rsi,CAPM,-0.076673,-0.00031651,-0.2677,0.788903,False,0.0013,-0.0035,0.0367,-0.2056,209,False,0.0788,,,
GOOGL,signal_rsi,FF3,-0.085622,-0.00035514,-0.3146,0.753096,False,0.0517,0.0378,0.2274,-0.2356,209,False,0.3748,-0.0009,0.7448,
GOOGL,signal_rsi,Carhart4,0.001157,4.59e-06,0.004,0.996845,False,0.0761,0.058,0.2759,0.0032,209,False,0.4207,-0.0525,0.7165,0.5766
GOOGL,signal_macd,CAPM,0.0394,0.00015336,0.2497,0.802844,False,0.0169,0.0151,0.1299,0.1424,561,False,-0.1995,,,
GOOGL,signal_macd,FF3,0.047946,0.00018586,0.303,0.761905,False,0.0179,0.0126,0.1338,0.1733,561,False,-0.1857,0.044,0.0526,
GOOGL,signal_macd,Carhart4,0.033069,0.00012911,0.2163,0.828767,False,0.027,0.02,0.1642,0.1201,561,False,-0.214,0.0854,0.0369,-0.286
GOOGL,signal_zscore,CAPM,0.021929,8.608e-05,0.1106,0.911941,False,0.0638,0.0579,0.2526,0.1092,159,False,0.2722,,,
GOOGL,signal_zscore,FF3,0.035902,0.00013998,0.1722,0.863268,False,0.1015,0.0842,0.3187,0.1825,159,False,0.4404,-0.1188,0.3803,
GOOGL,signal_zscore,Carhart4,0.044265,0.00017189,0.207,0.836012,False,0.1359,0.1134,0.3686,0.2294,159,False,0.4944,-0.1814,0.4151,0.4096
GOOGL,signal_bb,CAPM,0.0,0.0,0.0,1.0,False,0.0,0.0,0.0,0.0,0,True,0.0,,,
GOOGL,signal_bb,FF3,0.0,0.0,0.0,1.0,False,0.0,0.0,0.0,0.0,0,True,0.0,0.0,0.0,
GOOGL,signal_bb,Carhart4,0.0,0.0,0.0,1.0,False,0.0,0.0,0.0,0.0,0,True,0.0,0.0,0.0,0.0
GOOGL,signal_ensemble,CAPM,0.093025,0.00035304,0.3639,0.715928,False,0.0035,0.0016,0.0592,0.2165,528,False,-0.1359,,,
GOOGL,signal_ensemble,FF3,0.128075,0.00047834,0.4894,0.624566,False,0.0137,0.0081,0.1171,0.2996,528,False,0.0159,-0.0327,0.3898,
GOOGL,signal_ensemble,Carhart4,0.13121,0.00048936,0.5035,0.614608,False,0.0138,0.0062,0.1174,0.307,528,False,0.0196,-0.0363,0.3912,0.0356
GOOGL,signal_rsi_vol_trend_gated,CAPM,0.0,0.0,0.0,1.0,False,0.0,0.0,0.0,0.0,0,True,0.0,,,
GOOGL,signal_rsi_vol_trend_gated,FF3,0.0,0.0,0.0,1.0,False,0.0,0.0,0.0,0.0,0,True,0.0,0.0,0.0,
GOOGL,signal_rsi_vol_trend_gated,Carhart4,0.0,0.0,0.0,1.0,False,0.0,0.0,0.0,0.0,0,True,0.0,0.0,0.0,0.0
GOOGL,signal_zscore_vol_bb_gated,CAPM,0.0,0.0,0.0,1.0,False,0.0,0.0,0.0,0.0,0,True,0.0,,,
GOOGL,signal_zscore_vol_bb_gated,FF3,0.0,0.0,0.0,1.0,False,0.0,0.0,0.0,0.0,0,True,0.0,0.0,0.0,
GOOGL,signal_zscore_vol_bb_gated,Carhart4,0.0,0.0,0.0,1.0,False,0.0,0.0,0.0,0.0,0,True,0.0,0.0,0.0,0.0
GOOGL,signal_macd_trend_gated,CAPM,-0.259065,-0.00118914,-1.2751,0.202269,False,0.1419,0.1228,0.3767,-2.125,47,False,-0.3122,,,
GOOGL,signal_macd_trend_gated,FF3,-0.328308,-0.00157794,-1.9751,0.048261,False,0.1917,0.1353,0.4379,-2.7747,47,False,-0.3342,0.2278,0.0272,
GOOGL,signal_macd_trend_gated,Carhart4,-0.335874,-0.00162282,-1.9136,0.055676,False,0.2023,0.1264,0.4498,-2.8574,47,False,-0.3191,0.2692,-0.0214,-0.2073
GOOGL,signal_bb_breakout_gated,CAPM,-0.050047,-0.00020372,-22.8757,0.0,True,0.0001,-0.0015,0.0094,-14.3365,632,False,-0.0002,,,
GOOGL,signal_bb_breakout_gated,FF3,-0.050069,-0.00020381,-22.7672,0.0,True,0.0003,-0.0044,0.0182,-14.3447,632,False,0.0,-0.0004,0.0004,
GOOGL,signal_bb_breakout_gated,Carhart4,-0.050136,-0.00020409,-22.1962,0.0,True,0.0012,-0.0052,0.0348,-14.3701,632,False,-0.0001,-0.0002,0.0004,-0.0011
GOOGL,signal_mr_pool,CAPM,0.0,0.0,0.0,1.0,False,0.0,0.0,0.0,0.0,0,True,0.0,,,
GOOGL,signal_mr_pool,FF3,0.0,0.0,0.0,1.0,False,0.0,0.0,0.0,0.0,0,True,0.0,0.0,0.0,
GOOGL,signal_mr_pool,Carhart4,0.0,0.0,0.0,1.0,False,0.0,0.0,0.0,0.0,0,True,0.0,0.0,0.0,0.0
GOOGL,signal_trend_pool,CAPM,-0.274313,-0.00127156,-1.4832,0.138028,False,0.1442,0.1264,0.3798,-2.3171,50,False,-0.3135,,,
GOOGL,signal_trend_pool,FF3,-0.331802,-0.00159861,-2.2108,0.02705,True,0.1946,0.1421,0.4411,-2.889,50,False,-0.3377,0.227,0.0273,
GOOGL,signal_trend_pool,Carhart4,-0.336912,-0.00162902,-2.1255,0.033545,True,0.2059,0.1353,0.4537,-2.9542,50,False,-0.3237,0.2675,-0.0232,-0.2095
GOOGL,signal_regime_adaptive,CAPM,-0.26393,-0.00121526,-1.4959,0.134675,False,0.1439,0.1261,0.3793,-2.353,50,False,-0.2966,,,
GOOGL,signal_regime_adaptive,FF3,-0.319235,-0.00152478,-2.2258,0.026031,True,0.1942,0.1417,0.4407,-2.9335,50,False,-0.3198,0.2151,0.0255,
GOOGL,signal_regime_adaptive,Carhart4,-0.324156,-0.00155353,-2.1395,0.032397,True,0.2054,0.1348,0.4533,-2.9997,50,False,-0.3065,0.2533,-0.0223,-0.1981
GOOGL,signal_adaptive,CAPM,-0.064951,-0.00026646,-0.6779,0.497809,False,0.0361,0.0334,0.19,-0.4577,361,False,-0.1608,,,
GOOGL,signal_adaptive,FF3,-0.051209,-0.00020858,-0.5282,0.597382,False,0.0451,0.037,0.2123,-0.3625,361,False,-0.1299,0.0272,0.1097,
GOOGL,signal_adaptive,Carhart4,-0.061871,-0.00025341,-0.6673,0.504555,False,0.0511,0.0405,0.2261,-0.4394,361,False,-0.1422,0.0421,0.1113,-0.1217
MSFT,signal_rsi,CAPM,0.27739,0.00097198,0.5555,0.578581,False,0.0033,-0.0012,0.0571,0.7281,225,False,-0.1496,,,
MSFT,signal_rsi,FF3,0.552525,0.00174709,1.1132,0.265608,False,0.1345,0.1228,0.3668,1.5564,225,False,-0.0469,0.3664,0.955,
MSFT,signal_rsi,Carhart4,0.612997,0.001899,1.2104,0.22613,False,0.1649,0.1497,0.4061,1.7579,225,False,0.0337,0.2904,0.8752,0.7462
MSFT,signal_macd,CAPM,-0.311027,-0.00147729,-2.1116,0.034722,True,0.0072,0.0054,0.0851,-1.3504,534,False,-0.1041,,,
MSFT,signal_macd,FF3,-0.311907,-0.00148236,-2.1089,0.034957,True,0.0074,0.0017,0.0857,-1.3543,534,False,-0.1032,-0.0205,-0.0041,
MSFT,signal_macd,Carhart4,-0.310346,-0.00147338,-2.0805,0.037484,True,0.0077,0.0002,0.0878,-1.3477,534,False,-0.0988,-0.0275,-0.0027,0.0471
MSFT,signal_zscore,CAPM,0.151151,0.00055874,0.4682,0.639647,False,0.0036,-0.001,0.0602,0.5001,217,False,0.1074,,,
MSFT,signal_zscore,FF3,0.241454,0.00085863,0.7085,0.478649,False,0.0832,0.0703,0.2884,0.8329,217,False,0.2059,0.4321,0.41,
MSFT,signal_zscore,Carhart4,0.267475,0.00094103,0.8001,0.423648,False,0.0933,0.0762,0.3055,0.9278,217,False,0.2243,0.4144,0.4172,0.3064
MSFT,signal_bb,CAPM,0.0,0.0,0.0,1.0,False,0.0,0.0,0.0,0.0,0,True,0.0,,,
MSFT,signal_bb,FF3,0.0,0.0,0.0,1.0,False,0.0,0.0,0.0,0.0,0,True,0.0,0.0,0.0,
MSFT,signal_bb,Carhart4,0.0,0.0,0.0,1.0,False,0.0,0.0,0.0,0.0,0,True,0.0,0.0,0.0,0.0
MSFT,signal_ensemble,CAPM,-0.253346,-0.00115867,-2.2059,0.027394,True,0.0,-0.002,0.0036,-1.401,507,False,-0.0036,,,
MSFT,signal_ensemble,FF3,-0.24355,-0.001107,-2.1547,0.031183,True,0.0034,-0.0025,0.0583,-1.3492,507,False,-0.0035,0.0815,0.0247,
MSFT,signal_ensemble,Carhart4,-0.244967,-0.00111443,-2.1958,0.028104,True,0.0078,-0.0001,0.0883,-1.36,507,False,-0.0137,0.1001,0.0274,-0.1299
MSFT,signal_rsi_vol_trend_gated,CAPM,0.0,0.0,0.0,1.0,False,0.0,0.0,0.0,0.0,0,True,0.0,,,
MSFT,signal_rsi_vol_trend_gated,FF3,0.0,0.0,0.0,1.0,False,0.0,0.0,0.0,0.0,0,True,0.0,0.0,0.0,
MSFT,signal_rsi_vol_trend_gated,Carhart4,0.0,0.0,0.0,1.0,False,0.0,0.0,0.0,0.0,0,True,0.0,0.0,0.0,0.0
MSFT,signal_zscore_vol_bb_gated,CAPM,-0.018919,-7.579e-05,-0.6361,0.524705,False,0.0016,-0.0,0.0394,-0.3488,632,False,0.0117,,,
MSFT,signal_zscore_vol_bb_gated,FF3,-0.018453,-7.391e-05,-0.6367,0.524325,False,0.0017,-0.0031,0.0408,-0.3402,632,False,0.011,0.0051,-0.0002,
MSFT,signal_zscore_vol_bb_gated,Carhart4,-0.015848,-6.339e-05,-0.5505,0.581985,False,0.0069,0.0005,0.0829,-0.293,632,False,0.0149,-0.0004,0.0013,0.0408
MSFT,signal_macd_trend_gated,CAPM,0.0,0.0,0.0,1.0,False,0.0,0.0,0.0,0.0,0,True,0.0,,,
MSFT,signal_macd_trend_gated,FF3,0.0,0.0,0.0,1.0,False,0.0,0.0,0.0,0.0,0,True,0.0,0.0,0.0,
MSFT,signal_macd_trend_gated,Carhart4,0.0,0.0,0.0,1.0,False,0.0,0.0,0.0,0.0,0,True,0.0,0.0,0.0,0.0
MSFT,signal_bb_breakout_gated,CAPM,-0.046953,-0.00019082,-39.6333,0.0,True,0.0002,-0.0014,0.0146,-24.944,632,False,-0.0002,,,
MSFT,signal_bb_breakout_gated,FF3,-0.046996,-0.000191,-40.8739,0.0,True,0.0087,0.004,0.0932,-25.0732,632,False,-0.0007,-0.0001,-0.0015,
MSFT,signal_bb_breakout_gated,Carhart4,-0.04696,-0.00019085,-40.0893,0.0,True,0.0095,0.0032,0.0976,-25.065,632,False,-0.0006,-0.0002,-0.0015,0.0006
MSFT,signal_mr_pool,CAPM,-0.018919,-7.579e-05,-0.6361,0.524705,False,0.0016,-0.0,0.0394,-0.3488,632,False,0.0117,,,
MSFT,signal_mr_pool,FF3,-0.018453,-7.391e-05,-0.6367,0.524325,False,0.0017,-0.0031,0.0408,-0.3402,632,False,0.011,0.0051,-0.0002,
MSFT,signal_mr_pool,Carhart4,-0.015848,-6.339e-05,-0.5505,0.581985,False,0.0069,0.0005,0.0829,-0.293,632,False,0.0149,-0.0004,0.0013,0.0408
MSFT,signal_trend_pool,CAPM,-0.046925,-0.0001907,-38.0125,0.0,True,0.0002,-0.0014,0.0146,-23.9242,632,False,-0.0002,,,
MSFT,signal_trend_pool,FF3,-0.046969,-0.00019089,-39.2039,0.0,True,0.0087,0.004,0.0932,-24.0491,632,False,-0.0007,-0.0001,-0.0015,
MSFT,signal_trend_pool,Carhart4,-0.046932,-0.00019073,-38.4501,0.0,True,0.0095,0.0032,0.0976,-24.0405,632,False,-0.0007,-0.0002,-0.0015,0.0006
MSFT,signal_regime_adaptive,CAPM,0.0,0.0,0.0,1.0,False,0.0,0.0,0.0,0.0,0,True,0.0,,,
MSFT,signal_regime_adaptive,FF3,0.0,0.0,0.0,1.0,False,0.0,0.0,0.0,0.0,0,True,0.0,0.0,0.0,
MSFT,signal_regime_adaptive,Carhart4,0.0,0.0,0.0,1.0,False,0.0,0.0,0.0,0.0,0,True,0.0,0.0,0.0,0.0
MSFT,signal_adaptive,CAPM,-0.085302,-0.00035375,-0.6236,0.532868,False,0.0013,-0.0016,0.0355,-0.5422,349,False,-0.0332,,,
MSFT,signal_adaptive,FF3,-0.073359,-0.00030229,-0.5396,0.589465,False,0.0086,-0.0001,0.0925,-0.468,349,False,-0.0292,0.0822,0.0586,
MSFT,signal_adaptive,Carhart4,-0.073509,-0.00030293,-0.5505,0.581997,False,0.0086,-0.003,0.0926,-0.4689,349,False,-0.0299,0.0827,0.0592,-0.0061
SPY,signal_rsi,CAPM,0.153919,0.00056827,0.7591,0.447806,False,0.009,0.0045,0.0949,0.9068,220,False,-0.0899,,,
SPY,signal_rsi,FF3,0.14166,0.00052587,0.7385,0.46023,False,0.0266,0.0131,0.1631,0.8421,220,False,-0.0439,-0.1931,0.0558,
SPY,signal_rsi,Carhart4,0.167335,0.00061417,0.8961,0.37021,False,0.0505,0.0329,0.2248,1.0072,220,False,-0.0413,-0.2347,0.0855,0.3013
SPY,signal_macd,CAPM,-0.037134,-0.00015015,-0.3941,0.693535,False,0.0168,0.015,0.1298,-0.2443,541,False,-0.1097,,,
SPY,signal_macd,FF3,-0.033473,-0.00013509,-0.3538,0.723477,False,0.0173,0.0118,0.1314,-0.2203,541,False,-0.1106,0.0244,0.0063,
SPY,signal_macd,Carhart4,-0.031687,-0.00012777,-0.3388,0.734751,False,0.0177,0.0104,0.133,-0.2086,541,False,-0.1072,0.0197,0.0077,0.0345
SPY,signal_zscore,CAPM,0.114666,0.00043087,0.6334,0.526493,False,0.0227,0.019,0.1506,0.5926,270,False,-0.1701,,,
SPY,signal_zscore,FF3,0.100767,0.00038105,0.5354,0.592387,False,0.027,0.016,0.1642,0.5219,270,False,-0.1241,-0.0302,0.1073,
SPY,signal_zscore,Carhart4,0.075058,0.00028724,0.4201,0.674392,False,0.0773,0.0633,0.278,0.3992,270,False,-0.0887,-0.1082,0.1438,0.4716
SPY,signal_bb,CAPM,0.0,0.0,0.0,1.0,False,0.0,0.0,0.0,0.0,0,True,0.0,,,
SPY,signal_bb,FF3,0.0,0.0,0.0,1.0,False,0.0,0.0,0.0,0.0,0,True,0.0,0.0,0.0,
SPY,signal_bb,Carhart4,0.0,0.0,0.0,1.0,False,0.0,0.0,0.0,0.0,0,True,0.0,0.0,0.0,0.0
SPY,signal_ensemble,CAPM,0.005228,2.069e-05,0.041,0.967319,False,0.0088,0.0068,0.0939,0.0267,503,False,-0.0969,,,
SPY,signal_ensemble,FF3,0.006715,2.656e-05,0.0528,0.957903,False,0.0111,0.0052,0.1054,0.0343,503,False,-0.0619,-0.0574,0.0781,
SPY,signal_ensemble,Carhart4,0.009697,3.829e-05,0.0774,0.938313,False,0.0146,0.0067,0.1209,0.0496,503,False,-0.0522,-0.0757,0.0788,0.1211
SPY,signal_rsi_vol_trend_gated,CAPM,0.0,0.0,0.0,1.0,False,0.0,0.0,0.0,0.0,0,True,0.0,,,
SPY,signal_rsi_vol_trend_gated,FF3,0.0,0.0,0.0,1.0,False,0.0,0.0,0.0,0.0,0,True,0.0,0.0,0.0,
SPY,signal_rsi_vol_trend_gated,Carhart4,0.0,0.0,0.0,1.0,False,0.0,0.0,0.0,0.0,0,True,0.0,0.0,0.0,0.0
SPY,signal_zscore_vol_bb_gated,CAPM,0.0,0.0,0.0,1.0,False,0.0,0.0,0.0,0.0,0,True,0.0,,,
SPY,signal_zscore_vol_bb_gated,FF3,0.0,0.0,0.0,1.0,False,0.0,0.0,0.0,0.0,0,True,0.0,0.0,0.0,
SPY,signal_zscore_vol_bb_gated,Carhart4,0.0,0.0,0.0,1.0,False,0.0,0.0,0.0,0.0,0,True,0.0,0.0,0.0,0.0
SPY,signal_macd_trend_gated,CAPM,0.0,0.0,0.0,1.0,False,0.0,0.0,0.0,0.0,0,True,0.0,,,
SPY,signal_macd_trend_gated,FF3,0.0,0.0,0.0,1.0,False,0.0,0.0,0.0,0.0,0,True,0.0,0.0,0.0,
SPY,signal_macd_trend_gated,Carhart4,0.0,0.0,0.0,1.0,False,0.0,0.0,0.0,0.0,0,True,0.0,0.0,0.0,0.0
SPY,signal_bb_breakout_gated,CAPM,-0.048214,-0.00019607,-82.531,0.0,True,0.0,-0.0016,0.0054,-66.2007,632,False,0.0,,,
SPY,signal_bb_breakout_gated,FF3,-0.048222,-0.00019611,-81.398,0.0,True,0.0003,-0.0045,0.0172,-66.2203,632,False,0.0001,-0.0001,0.0001,
SPY,signal_bb_breakout_gated,Carhart4,-0.048218,-0.00019609,-82.0228,0.0,True,0.0004,-0.006,0.0196,-66.2172,632,False,0.0001,-0.0001,0.0001,0.0001
SPY,signal_mr_pool,CAPM,0.0,0.0,0.0,1.0,False,0.0,0.0,0.0,0.0,0,True,0.0,,,
SPY,signal_mr_pool,FF3,0.0,0.0,0.0,1.0,False,0.0,0.0,0.0,0.0,0,True,0.0,0.0,0.0,
SPY,signal_mr_pool,Carhart4,0.0,0.0,0.0,1.0,False,0.0,0.0,0.0,0.0,0,True,0.0,0.0,0.0,0.0
SPY,signal_trend_pool,CAPM,-0.048211,-0.00019606,-83.0485,0.0,True,0.0,-0.0016,0.0054,-66.6159,632,False,0.0,,,
SPY,signal_trend_pool,FF3,-0.048219,-0.00019609,-81.9083,0.0,True,0.0003,-0.0045,0.0172,-66.6356,632,False,0.0001,-0.0001,0.0001,
SPY,signal_trend_pool,Carhart4,-0.048214,-0.00019607,-82.5371,0.0,True,0.0004,-0.006,0.0196,-66.6325,632,False,0.0001,-0.0001,0.0001,0.0001
SPY,signal_regime_adaptive,CAPM,-0.048211,-0.00019606,-83.0485,0.0,True,0.0,-0.0016,0.0054,-66.6159,632,False,0.0,,,
SPY,signal_regime_adaptive,FF3,-0.048219,-0.00019609,-81.9083,0.0,True,0.0003,-0.0045,0.0172,-66.6356,632,False,0.0001,-0.0001,0.0001,
SPY,signal_regime_adaptive,Carhart4,-0.048214,-0.00019607,-82.5371,0.0,True,0.0004,-0.006,0.0196,-66.6325,632,False,0.0001,-0.0001,0.0001,0.0001
SPY,signal_adaptive,CAPM,0.026618,0.00010425,0.4308,0.666645,False,0.0131,0.0105,0.1146,0.3365,378,False,-0.057,,,
SPY,signal_adaptive,FF3,0.037953,0.00014783,0.5915,0.554216,False,0.0283,0.0205,0.1682,0.4835,378,False,-0.0628,0.0757,0.0159,
SPY,signal_adaptive,Carhart4,0.04146,0.00016122,0.6359,0.524832,False,0.0333,0.023,0.1826,0.5296,378,False,-0.0563,0.0715,0.0104,0.0647
^GSPC,signal_rsi,CAPM,0.132949,0.00049545,0.6965,0.486088,False,0.0036,-0.0009,0.0596,0.787,225,False,-0.0565,,,
^GSPC,signal_rsi,FF3,0.120772,0.00045255,0.6706,0.502478,False,0.0193,0.006,0.139,0.7206,225,False,-0.0181,-0.1818,0.0424,
^GSPC,signal_rsi,Carhart4,0.144642,0.00053622,0.8155,0.414773,False,0.0333,0.0157,0.1824,0.8693,225,False,-0.0187,-0.2159,0.0657,0.2339
^GSPC,signal_macd,CAPM,-0.036569,-0.00014782,-0.3841,0.700892,False,0.0163,0.0145,0.1279,-0.2376,541,False,-0.1094,,,
^GSPC,signal_macd,FF3,-0.032732,-0.00013205,-0.3423,0.73216,False,0.0168,0.0113,0.1296,-0.2127,541,False,-0.1109,0.0261,0.0055,
^GSPC,signal_macd,Carhart4,-0.0308,-0.00012413,-0.3257,0.744645,False,0.0173,0.01,0.1315,-0.2002,541,False,-0.1071,0.021,0.0071,0.0373
^GSPC,signal_zscore,CAPM,0.074642,0.0002857,0.3759,0.706961,False,0.0077,0.0036,0.0879,0.3634,241,False,-0.0982,,,
^GSPC,signal_zscore,FF3,0.059144,0.00022805,0.2897,0.772076,False,0.0102,-0.0024,0.1008,0.2883,241,False,-0.0604,-0.0549,0.0798,
^GSPC,signal_zscore,Carhart4,0.029055,0.00011366,0.1523,0.878949,False,0.0828,0.0672,0.2877,0.1472,241,False,-0.0212,-0.1557,0.1157,0.5703
^GSPC,signal_bb,CAPM,0.0,0.0,0.0,1.0,False,0.0,0.0,0.0,0.0,0,True,0.0,,,
^GSPC,signal_bb,FF3,0.0,0.0,0.0,1.0,False,0.0,0.0,0.0,0.0,0,True,0.0,0.0,0.0,
^GSPC,signal_bb,Carhart4,0.0,0.0,0.0,1.0,False,0.0,0.0,0.0,0.0,0,True,0.0,0.0,0.0,0.0
^GSPC,signal_ensemble,CAPM,-0.006166,-2.454e-05,-0.0481,0.961673,False,0.0061,0.0041,0.0779,-0.0311,499,False,-0.0819,,,
^GSPC,signal_ensemble,FF3,-0.00396,-1.575e-05,-0.0312,0.97513,False,0.0083,0.0023,0.0911,-0.02,499,False,-0.0478,-0.0663,0.0739,
^GSPC,signal_ensemble,Carhart4,-0.002758,-1.096e-05,-0.022,0.982411,False,0.0124,0.0044,0.1112,-0.0139,499,False,-0.0359,-0.086,0.0733,0.1329
^GSPC,signal_rsi_vol_trend_gated,CAPM,-0.052778,-0.00021514,-10.164,0.0,True,0.0003,-0.0013,0.017,-6.7174,632,False,0.0007,,,
^GSPC,signal_rsi_vol_trend_gated,FF3,-0.052491,-0.00021394,-11.0034,0.0,True,0.0086,0.0038,0.0926,-6.7087,632,False,0.0026,0.0019,0.0054,
^GSPC,signal_rsi_vol_trend_gated,Carhart4,-0.052132,-0.00021244,-11.8662,0.0,True,0.0136,0.0074,0.1168,-6.6799,632,False,0.0031,0.0011,0.0056,0.0058
^GSPC,signal_zscore_vol_bb_gated,CAPM,0.0,0.0,0.0,1.0,False,0.0,0.0,0.0,0.0,0,True,0.0,,,
^GSPC,signal_zscore_vol_bb_gated,FF3,0.0,0.0,0.0,1.0,False,0.0,0.0,0.0,0.0,0,True,0.0,0.0,0.0,
^GSPC,signal_zscore_vol_bb_gated,Carhart4,0.0,0.0,0.0,1.0,False,0.0,0.0,0.0,0.0,0,True,0.0,0.0,0.0,0.0
^GSPC,signal_macd_trend_gated,CAPM,0.0,0.0,0.0,1.0,False,0.0,0.0,0.0,0.0,0,True,0.0,,,
^GSPC,signal_macd_trend_gated,FF3,0.0,0.0,0.0,1.0,False,0.0,0.0,0.0,0.0,0,True,0.0,0.0,0.0,
^GSPC,signal_macd_trend_gated,Carhart4,0.0,0.0,0.0,1.0,False,0.0,0.0,0.0,0.0,0,True,0.0,0.0,0.0,0.0
^GSPC,signal_bb_breakout_gated,CAPM,-0.048189,-0.00019597,-86.1762,0.0,True,0.0,-0.0016,0.0053,-68.3184,632,False,0.0,,,
^GSPC,signal_bb_breakout_gated,FF3,-0.048196,-0.000196,-85.0957,0.0,True,0.0003,-0.0045,0.0162,-68.336,632,False,0.0001,-0.0001,0.0001,
^GSPC,signal_bb_breakout_gated,Carhart4,-0.048191,-0.00019598,-85.848,0.0,True,0.0004,-0.006,0.0194,-68.3331,632,False,0.0001,-0.0001,0.0001,0.0001
^GSPC,signal_mr_pool,CAPM,-0.052778,-0.00021514,-10.164,0.0,True,0.0003,-0.0013,0.017,-6.7174,632,False,0.0007,,,
^GSPC,signal_mr_pool,FF3,-0.052491,-0.00021394,-11.0034,0.0,True,0.0086,0.0038,0.0926,-6.7087,632,False,0.0026,0.0019,0.0054,
^GSPC,signal_mr_pool,Carhart4,-0.052132,-0.00021244,-11.8662,0.0,True,0.0136,0.0074,0.1168,-6.6799,632,False,0.0031,0.0011,0.0056,0.0058
^GSPC,signal_trend_pool,CAPM,-0.048185,-0.00019595,-86.7735,0.0,True,0.0,-0.0016,0.0053,-68.792,632,False,0.0,,,
^GSPC,signal_trend_pool,FF3,-0.048192,-0.00019598,-85.6855,0.0,True,0.0003,-0.0045,0.0162,-68.8097,632,False,0.0001,-0.0001,0.0001,
^GSPC,signal_trend_pool,Carhart4,-0.048187,-0.00019596,-86.443,0.0,True,0.0004,-0.006,0.0194,-68.8067,632,False,0.0001,-0.0001,0.0001,0.0001
^GSPC,signal_regime_adaptive,CAPM,-0.053304,-0.00021735,-10.2903,0.0,True,0.0003,-0.0013,0.0175,-6.7961,632,False,0.0007,,,
^GSPC,signal_regime_adaptive,FF3,-0.053025,-0.00021618,-11.1339,0.0,True,0.0086,0.0038,0.0925,-6.7885,632,False,0.0026,0.0018,0.0055,
^GSPC,signal_regime_adaptive,Carhart4,-0.052664,-0.00021466,-11.9956,0.0,True,0.0137,0.0074,0.1171,-6.7599,632,False,0.0032,0.001,0.0057,0.0059
^GSPC,signal_adaptive,CAPM,-0.013607,-5.437e-05,-0.2059,0.836893,False,0.0078,0.0051,0.0882,-0.1611,369,False,-0.0461,,,
^GSPC,signal_adaptive,FF3,-0.003366,-1.338e-05,-0.0492,0.960744,False,0.0189,0.0109,0.1376,-0.0401,369,False,-0.0591,0.0778,-0.0057,
^GSPC,signal_adaptive,Carhart4,0.001565,6.21e-06,0.0225,0.982068,False,0.0291,0.0184,0.1706,0.0187,369,False,-0.0487,0.0693,-0.0125,0.0981
